,0,1,accuracy,macro avg,weighted avg
precision,0.8562777553492128,0.8423144876325088,0.8496097869647754,0.8492961214908608,0.8496127321804928
recall,0.8559322033898306,0.8426866990720283,0.8496097869647754,0.8493094512309294,0.8496097869647754
f1-score,0.8561049445005046,0.842500552242103,0.8496097869647754,0.8493027483713038,0.8496112217245579
support,2478.0,2263.0,0.8496097869647754,4741.0,4741.0
