,train,val,test
accuracy,0.8633620437100837,0.8624143384290985,0.8496097869647754
balanced_accuracy,0.8631916919316301,0.8622939315630012,0.8493094512309294
roc_auc,0.9362537044966798,0.9359550436642309,0.9261663487117923
F1,0.857230317129913,0.8563566318106769,0.842500552242103
