,train,val,test
accuracy,0.8645924884279604,0.8650500790722193,0.8477114532798987
balanced_accuracy,0.8623424198215545,0.8636027446088042,0.8453847681960955
roc_auc,0.9487364990889147,0.9475394314738905,0.9349786740193955
F1,0.8514113032855398,0.8547105561861521,0.8327154772937906
